{"cameraMode":{"drawMode":2,"name":"Shaded Wireframe","section":"Shading Mode"},"sceneLighting":false,"audioPlay":false,"sceneViewState":{"showFog":false,"showMaterialUpdate":false,"showSkybox":false,"showFlares":false,"showImageEffects":false,"showParticleSystems":false},"in2DMode":false,"pivot":{"x":158.11680603027345,"y":0.6013691425323486,"z":-11.80247974395752},"rotation":{"x":-0.014641198329627514,"y":0.9763876795768738,"z":-0.20383590459823609,"w":-0.07012556493282318},"size":7.438308238983154,"orthographic":false}